{
    "name": "Add_Operator",
    "roles": [
        "Add_Operator"
    ],
    "lookups": [
        "free-text",
        "keywords"
    ],
    "keywords": [
        {
            "keyword": "and",
            "synonyms": [
                "and"
            ]
        },
        {
            "keyword": "close parentheses",
            "synonyms": [
                "close parentheses"
            ]
        },
        {
            "keyword": "equals",
            "synonyms": [
                "equals"
            ]
        },
        {
            "keyword": "implies",
            "synonyms": [
                "implies"
            ]
        },
        {
            "keyword": "not",
            "synonyms": [
                "not"
            ]
        },
        {
            "keyword": "open parentheses",
            "synonyms": [
                "open parentheses"
            ]
        },
        {
            "keyword": "or",
            "synonyms": [
                "or"
            ]
        },
        {
            "keyword": "xor",
            "synonyms": [
                "x or",
                "xor"
            ]
        }
    ]
}
