{
    "name": "Add_Variable",
    "roles": [
        "Add_Variable"
    ],
    "lookups": [
        "free-text",
        "keywords"
    ],
    "keywords": [
        {
            "keyword": "p",
            "synonyms": [
                "p"
            ]
        },
        {
            "keyword": "q",
            "synonyms": [
                "q"
            ]
        },
        {
            "keyword": "r",
            "synonyms": [
                "r"
            ]
        },
        {
            "keyword": "s",
            "synonyms": [
                "s"
            ]
        }
    ]
}
