{
    "utterances": [
        {
            "text": "And",
            "entities": [],
            "traits": [],
            "intent": "Add_And"
        },
        {
            "text": "Closed parentheses",
            "entities": [],
            "traits": [],
            "intent": "Add_Closed_parentheses"
        },
        {
            "text": "Implies",
            "entities": [],
            "traits": [],
            "intent": "Add_Implication"
        },
        {
            "text": "Not",
            "entities": [],
            "traits": [],
            "intent": "Add_Not"
        },
        {
            "text": "Or",
            "entities": [],
            "traits": [],
            "intent": "Add_Or"
        },
        {
            "text": "R",
            "entities": [],
            "traits": [],
            "intent": "Add_R"
        },
        {
            "text": "S",
            "entities": [],
            "traits": [],
            "intent": "Add_S"
        },
        {
            "text": "X or",
            "entities": [],
            "traits": [],
            "intent": "Add_Xor"
        },
        {
            "text": "equals",
            "entities": [],
            "traits": [],
            "intent": "Add_Equivalence"
        },
        {
            "text": "open parentheses",
            "entities": [],
            "traits": [],
            "intent": "Add_Open_Parentheses"
        },
        {
            "text": "p",
            "entities": [],
            "traits": [],
            "intent": "Add_P"
        },
        {
            "text": "q",
            "entities": [],
            "traits": [],
            "intent": "Add_Q"
        }
    ]
}
