{
    "utterances": [
        {
            "text": "And",
            "entities": [],
            "traits": [],
            "intent": "Add_And"
        },
        {
            "text": "Build not p and or q implies r x or s equals open parentheses close parentheses",
            "entities": [
                {
                    "entity": "Add_Operator:Add_Operator",
                    "start": 6,
                    "end": 9,
                    "body": "not",
                    "entities": []
                },
                {
                    "entity": "Add_Variable:Add_Variable",
                    "start": 10,
                    "end": 11,
                    "body": "p",
                    "entities": []
                },
                {
                    "entity": "Add_Operator:Add_Operator",
                    "start": 12,
                    "end": 15,
                    "body": "and",
                    "entities": []
                },
                {
                    "entity": "Add_Operator:Add_Operator",
                    "start": 16,
                    "end": 18,
                    "body": "or",
                    "entities": []
                },
                {
                    "entity": "Add_Variable:Add_Variable",
                    "start": 19,
                    "end": 20,
                    "body": "q",
                    "entities": []
                },
                {
                    "entity": "Add_Operator:Add_Operator",
                    "start": 21,
                    "end": 28,
                    "body": "implies",
                    "entities": []
                },
                {
                    "entity": "Add_Variable:Add_Variable",
                    "start": 29,
                    "end": 30,
                    "body": "r",
                    "entities": []
                },
                {
                    "entity": "Add_Operator:Add_Operator",
                    "start": 31,
                    "end": 35,
                    "body": "x or",
                    "entities": []
                },
                {
                    "entity": "Add_Variable:Add_Variable",
                    "start": 36,
                    "end": 37,
                    "body": "s",
                    "entities": []
                },
                {
                    "entity": "Add_Operator:Add_Operator",
                    "start": 38,
                    "end": 44,
                    "body": "equals",
                    "entities": []
                },
                {
                    "entity": "Add_Operator:Add_Operator",
                    "start": 45,
                    "end": 61,
                    "body": "open parentheses",
                    "entities": []
                },
                {
                    "entity": "Add_Operator:Add_Operator",
                    "start": 62,
                    "end": 79,
                    "body": "close parentheses",
                    "entities": []
                }
            ],
            "traits": [],
            "intent": "Build_Formula"
        },
        {
            "text": "Close parenthesis",
            "entities": [],
            "traits": [],
            "intent": "Add_Closed_parentheses"
        },
        {
            "text": "Closed parentheses",
            "entities": [],
            "traits": [],
            "intent": "Add_Closed_parentheses"
        },
        {
            "text": "Cute",
            "entities": [],
            "traits": [],
            "intent": "Add_Q"
        },
        {
            "text": "Implies",
            "entities": [],
            "traits": [],
            "intent": "Add_Implication"
        },
        {
            "text": "Not",
            "entities": [],
            "traits": [],
            "intent": "Add_Not"
        },
        {
            "text": "Open parenthesis",
            "entities": [],
            "traits": [],
            "intent": "Add_Open_Parentheses"
        },
        {
            "text": "Or",
            "entities": [],
            "traits": [],
            "intent": "Add_Or"
        },
        {
            "text": "P",
            "entities": [],
            "traits": [],
            "intent": "Add_P"
        },
        {
            "text": "PP",
            "entities": [],
            "traits": [],
            "intent": "Add_P"
        },
        {
            "text": "PPP",
            "entities": [],
            "traits": [],
            "intent": "Add_P"
        },
        {
            "text": "Pete",
            "entities": [],
            "traits": [],
            "intent": "Add_P"
        },
        {
            "text": "Queue",
            "entities": [],
            "traits": [],
            "intent": "Add_Q"
        },
        {
            "text": "R",
            "entities": [],
            "traits": [],
            "intent": "Add_R"
        },
        {
            "text": "S",
            "entities": [],
            "traits": [],
            "intent": "Add_S"
        },
        {
            "text": "X or",
            "entities": [],
            "traits": [],
            "intent": "Add_Xor"
        },
        {
            "text": "are",
            "entities": [],
            "traits": [],
            "intent": "Add_R"
        },
        {
            "text": "close",
            "entities": [],
            "traits": [],
            "intent": "Add_Closed_parentheses"
        },
        {
            "text": "equals",
            "entities": [],
            "traits": [],
            "intent": "Add_Equivalence"
        },
        {
            "text": "letter r",
            "entities": [],
            "traits": [],
            "intent": "Add_R"
        },
        {
            "text": "open",
            "entities": [],
            "traits": [],
            "intent": "Add_Open_Parentheses"
        },
        {
            "text": "open parentheses",
            "entities": [],
            "traits": [],
            "intent": "Add_Open_Parentheses"
        },
        {
            "text": "p",
            "entities": [],
            "traits": [],
            "intent": "Add_P"
        },
        {
            "text": "q",
            "entities": [],
            "traits": [],
            "intent": "Add_Q"
        }
    ]
}
